id;name;file_attachment;file_attachment_content_type;attachment_url;mime_type
1;and;../fake-data/blob/hipster.png;image/png;bath codon;duh where
2;around;../fake-data/blob/hipster.png;image/png;until;psst lovingly transfix
3;wherever lest;../fake-data/blob/hipster.png;image/png;consequently yuck even;that joyous below
4;helpful ugh childbirth;../fake-data/blob/hipster.png;image/png;boohoo ideal;heat duh soulful
5;gosh;../fake-data/blob/hipster.png;image/png;overthrow;daily temper geez
6;until minus incomplete;../fake-data/blob/hipster.png;image/png;zowie mysteriously;plumber
7;shakily account silently;../fake-data/blob/hipster.png;image/png;deeply an;flamboyant once saunter
8;rarely as;../fake-data/blob/hipster.png;image/png;uselessly;melodic next
9;jumpy;../fake-data/blob/hipster.png;image/png;when to;promulgate ack
10;quarterly limping irritab;../fake-data/blob/hipster.png;image/png;inasmuch;whose leeway
