id;first_name;last_name;display_name;email;dob;notes;mobile_number;employee_id;login
1;Tito;Maggio;victimise unless;Ignatius_Brown@gmail.com;2024-09-15;er;through teemin;yippee ew overflight;familiarity before hedge
2;Aric;Ullrich;mmm;Kennith31@gmail.com;2024-09-14;handicap anguished knowledgeably;warmlyXXXX;adjustment mill;upon
3;Janessa;Metz;delirious;Gregory.Hermiston48@gmail.com;2024-09-15;nor incidentally mmm;near bleakly p;wherever playground;primary
4;Helen;Waelchi;redesign awe meaningfully;Keely.Wilderman92@yahoo.com;2024-09-15;far gadzooks typeface;conditionX;wherever bronze claw;knife after
5;Kane;Cronin;toward;Trycia24@gmail.com;2024-09-14;out clerk;famously profa;pace brr;suspiciously
6;Buck;Emard;corrode sip;Lottie.Russel@yahoo.com;2024-09-15;pish provided;icyXXXXXXX;mustache finisher;aggravating mortified
7;Sydnie;Daniel;round grave international;Nolan.Ritchie11@yahoo.com;2024-09-15;festoon yack;wherever lever;vegetarianism into;than dysfunction likely
8;Nina;Wilkinson;since;Keanu.Franey92@gmail.com;2024-09-14;hm meh slim;gahXXXXXXX;whoever quart hammer;slosh to
9;Eduardo;Feeney;pfft;Carlie_Ebert98@yahoo.com;2024-09-14;whenever;sinceXXXXX;rail huzzah;whose curate
10;Gloria;Donnelly;alongside supposing drat;Anabel_Bailey98@hotmail.com;2024-09-15;jealousy yet quaintly;within pish up;belated geez dedication;loyally gladly
