id;summary;action_items;date_created
1;monthly rubbish tough;affectionate;2024-09-14T22:04:23
2;unethically card anchored;why;2024-09-15T02:21:57
3;an yawningly;across pfft;2024-09-14T15:35:25
4;reproachfully last;invalid before bitter;2024-09-14T13:58:27
5;similar;enormously abnormally;2024-09-15T07:31:48
6;obvious;less meanwhile;2024-09-14T20:36:10
7;jovially harbour mellow;noteworthy behaviour;2024-09-15T08:20:53
8;concede beyond unbearably;huzzah even gadzooks;2024-09-14T19:45:05
9;where and when;belly whereas;2024-09-15T04:27:39
10;mother-in-law webbed;gravity;2024-09-14T22:32:16
